"","policy_id","province_region","response_level_cln","flag_sub_variation","date_announce_cln","date_start_cln","date_end_cln"
"1","P13","Anhui","Level I",FALSE,2020-01-24,2020-01-24,2020-02-25
"2","P14","Anhui","Level II",FALSE,2020-02-25,2020-02-25,2020-03-15
"3","P15","Anhui","Level III",FALSE,2020-03-15,2020-03-15,2020-07-31
"4","X26","Beijing","Level I",FALSE,2020-01-24,2020-01-24,2020-04-30
"5","X27","Beijing","Level II",FALSE,2020-04-29,2020-04-30,2020-06-06
"6","X28","Beijing","Level III",FALSE,2020-06-05,2020-06-06,2020-06-16
"7","X29","Beijing","Level II",FALSE,2020-06-16,2020-06-16,2020-07-20
"8","X30","Beijing","Level III",FALSE,2020-07-20,2020-07-20,2020-07-31
"9","P16","Chongqing","Level I",FALSE,2020-01-25,2020-01-25,2020-03-11
"10","P17","Chongqing","Level II",FALSE,2020-03-10,2020-03-11,2020-03-25
"11","P18","Chongqing","Level III",FALSE,2020-03-25,2020-03-25,2020-07-31
"12","X34","Fujian","Level I",FALSE,2020-01-24,2020-01-24,2020-02-27
"13","X35","Fujian","Level II",TRUE,2020-02-27,2020-02-27,2020-03-19
"14","X36","Fujian","Level III",FALSE,2020-03-19,2020-03-19,2020-07-31
"15","P37","Gansu","Level I",FALSE,2020-01-25,2020-01-25,2020-02-27
"16","P38","Gansu","Level III",FALSE,2020-02-27,2020-02-27,2020-05-11
"17","P39","Gansu","Level IV",FALSE,2020-05-11,2020-05-11,2020-07-31
"18","P1","Guangdong","Level I",FALSE,2020-01-23,2020-01-23,2020-02-24
"19","P2","Guangdong","Level II",FALSE,2020-02-24,2020-02-24,2020-05-09
"20","P3","Guangdong","Level III",FALSE,2020-05-08,2020-05-09,2020-07-31
"21","P19","Guangxi","Level I",FALSE,2020-01-24,2020-01-24,2020-02-24
"22","P34","Guangxi","Level III",FALSE,2020-02-23,2020-02-24,2020-07-31
"23","X37","Hainan","Level II",FALSE,2020-01-24,2020-01-24,2020-01-25
"24","X38","Hainan","Level I",FALSE,2020-01-25,2020-01-25,2020-02-26
"25","X39","Hainan","Level III",FALSE,2020-02-26,2020-02-26,2020-07-31
"26","X18","Hebei","Level I",FALSE,2020-01-25,2020-01-25,2020-04-30
"27","X19","Hebei","Level II",FALSE,2020-04-29,2020-04-30,2020-06-06
"28","X20","Hebei","Level III",FALSE,2020-06-05,2020-06-06,2020-07-31
"29","X5","Heilongjiang","Level II",FALSE,2020-01-21,2020-01-21,2020-01-25
"30","X6","Heilongjiang","Level I",FALSE,2020-01-25,2020-01-25,2020-03-04
"31","X7","Heilongjiang","Level II",FALSE,2020-03-04,2020-03-04,2020-03-25
"32","X8","Heilongjiang","Level III",FALSE,2020-03-25,2020-03-25,2020-07-31
"33","P7","Henan","Level I",FALSE,2020-01-25,2020-01-25,2020-03-19
"34","P8","Henan","Level II",FALSE,2020-03-18,2020-03-19,2020-05-06
"35","P9","Henan","Level III",FALSE,2020-05-05,2020-05-06,2020-07-31
"36","X1","Hubei","Level II",FALSE,2020-01-21,2020-01-21,2020-01-24
"37","X2","Hubei","Level I",FALSE,2020-01-24,2020-01-24,2020-05-02
"38","X3","Hubei","Level II",FALSE,2020-05-01,2020-05-02,2020-06-13
"39","X4","Hubei","Level III",FALSE,2020-06-12,2020-06-13,2020-07-31
"40","X15","Hunan","Level I",FALSE,2020-01-24,2020-01-24,2020-03-10
"41","X16","Hunan","Level II",FALSE,2020-03-10,2020-03-10,2020-03-31
"42","X17","Hunan","Level III",FALSE,2020-03-31,2020-03-31,2020-07-31
"43","P27","Jiangsu","Level I",FALSE,2020-01-24,2020-01-24,2020-02-25
"44","P28","Jiangsu","Level II",FALSE,2020-02-25,2020-02-25,2020-03-28
"45","P29","Jiangsu","Level III",FALSE,2020-03-28,2020-03-28,2020-07-31
"46","X12","Jiangxi","Level I",FALSE,2020-01-24,2020-01-24,2020-03-12
"47","X13","Jiangxi","Level II",TRUE,2020-03-12,2020-03-12,2020-03-20
"48","X14","Jiangxi","Level III",FALSE,2020-03-20,2020-03-20,2020-07-31
"49","X9","Jilin","Level I",FALSE,2020-01-25,2020-01-25,2020-02-26
"50","X10","Jilin","Level II",FALSE,2020-02-26,2020-02-26,2020-03-20
"51","X11","Jilin","Level III",FALSE,2020-03-20,2020-03-20,2020-07-31
"52","P4","Liaoning","Level II",FALSE,2020-01-24,2020-01-24,2020-01-25
"53","P5","Liaoning","Level I",FALSE,2020-01-25,2020-01-25,2020-02-22
"54","P6","Liaoning","Level III",FALSE,2020-02-22,2020-02-22,2020-07-31
"55","X21","Neimenggu","Level I",FALSE,2020-01-25,2020-01-25,2020-02-25
"56","X22","Neimenggu","Level III",FALSE,2020-02-25,2020-02-25,2020-07-31
"57","X40","Ningxia","Level I",FALSE,2020-01-25,2020-01-25,2020-02-28
"58","X41","Ningxia","Level II",FALSE,2020-02-28,2020-02-28,2020-05-06
"59","X42","Ningxia","Level III",FALSE,2020-05-06,2020-05-06,2020-07-31
"60","X49","Qinghai","Level I",FALSE,2020-01-25,2020-01-25,2020-02-26
"61","X50","Qinghai","Level II",FALSE,2020-02-26,2020-02-26,2020-03-06
"62","X51","Qinghai","Level IV",FALSE,2020-03-05,2020-03-06,2020-07-31
"63","P30","Shandong","Level I",FALSE,2020-01-25,2020-01-25,2020-03-08
"64","P31","Shandong","Level II",FALSE,2020-03-07,2020-03-08,2020-05-06
"65","P32","Shandong","Level III",FALSE,2020-05-05,2020-05-06,2020-07-31
"66","P24","Shanghai","Level I",FALSE,2020-01-24,2020-01-24,2020-03-24
"67","P25","Shanghai","Level II",FALSE,2020-03-23,2020-03-24,2020-05-09
"68","P26","Shanghai","Level III",FALSE,2020-05-08,2020-05-09,2020-07-31
"69","P10","Shanxi","Level I",FALSE,2020-01-25,2020-01-25,2020-02-24
"70","P11","Shanxi","Level II",FALSE,2020-02-23,2020-02-24,2020-03-10
"71","P12","Shanxi","Level III",FALSE,2020-03-10,2020-03-10,2020-07-31
"72","P21","Sichuan","Level I",FALSE,2020-01-24,2020-01-24,2020-02-25
"73","P22","Sichuan","Level II",FALSE,2020-02-25,2020-02-25,2020-03-24
"74","P23","Sichuan","Level III",FALSE,2020-03-24,2020-03-24,2020-07-31
"75","X23","Tianjin","Level I",FALSE,2020-01-25,2020-01-25,2020-04-30
"76","X24","Tianjin","Level II",FALSE,2020-04-29,2020-04-30,2020-06-06
"77","X25","Tianjin","Level III",FALSE,2020-06-05,2020-06-06,2020-07-31
"78","X45","Xinjiang","Level I",FALSE,2020-01-25,2020-01-25,2020-02-26
"79","X46","Xinjiang","Level II",FALSE,2020-02-26,2020-02-26,2020-03-07
"80","X47","Xinjiang","Level III",FALSE,2020-03-07,2020-03-07,2020-03-22
"81","X48","Xinjiang","Level IV",FALSE,2020-03-21,2020-03-22,2020-07-31
"82","P40","Xizang","Level I",FALSE,2020-01-30,2020-01-30,2020-03-06
"83","P41","Xizang","Level II",TRUE,2020-03-06,2020-03-06,2020-07-31
"84","P35","Yunnan","Level I",FALSE,2020-01-24,2020-01-24,2020-02-24
"85","P36","Yunnan","Level III",FALSE,2020-02-23,2020-02-24,2020-07-31
"86","X31","Zhengjiang","Level I",FALSE,2020-01-23,2020-01-23,2020-03-02
"87","X32","Zhengjiang","Level II",FALSE,2020-03-02,2020-03-02,2020-03-23
"88","X33","Zhengjiang","Level III",FALSE,2020-03-23,2020-03-23,2020-07-31
